factor,unit,value,arm,n_gt,n_match,recall,id_acc,err_median,err_mean,err_p95
brightness,brightness offset,-0.9,Ours (coarse),1410,1381,0.9794326241134752,0.9804489500362057,0.4446154563453537,0.4710852140308592,0.9005614986899579
brightness,brightness offset,-0.7,Ours (coarse),1407,1332,0.9466950959488273,0.9684684684684685,0.42474132702813183,0.4602487820362743,0.8107225987842219
brightness,brightness offset,-0.5,Ours (coarse),1380,1332,0.9652173913043478,1.0,0.4121578689191123,0.4317406376677169,0.7630897840114678
brightness,brightness offset,-0.25,Ours (coarse),1354,1353,0.9992614475627769,0.9985218033998522,0.41532809117055786,0.4345095638396829,0.778875955905889
brightness,brightness offset,0.0,Ours (coarse),1392,1381,0.9920977011494253,0.9761042722664736,0.41240484709235414,0.43166158517317393,0.7873030950399813
brightness,brightness offset,0.35,Ours (coarse),1416,1288,0.9096045197740112,0.9541925465838509,0.43467772480154077,0.5021630848775427,1.0198208108170985
brightness,brightness offset,-0.9,Ours (refined),1410,1380,0.9787234042553191,0.9804347826086957,0.12396927147764994,0.24609578122549233,0.8168839572719732
brightness,brightness offset,-0.7,Ours (refined),1407,1332,0.9466950959488273,0.9684684684684685,0.10615226618469484,0.20565126445587464,0.6902520497053608
brightness,brightness offset,-0.5,Ours (refined),1380,1332,0.9652173913043478,1.0,0.08515523342182399,0.17370436393025748,0.6432115129608995
brightness,brightness offset,-0.25,Ours (refined),1354,1352,0.9985228951255539,0.9985207100591716,0.08950889784730753,0.17393519416242695,0.6308703293509174
brightness,brightness offset,0.0,Ours (refined),1392,1379,0.9906609195402298,0.9760696156635243,0.09650317093102247,0.18172334059595827,0.70877492224216
brightness,brightness offset,0.35,Ours (refined),1416,1287,0.9088983050847458,0.9541569541569541,0.1231692581055915,0.2929649804716114,1.0508305256513262
brightness,brightness offset,-0.9,Deep ChArUco,1410,1070,0.7588652482269503,0.7775700934579439,1.54571994474344,1.5184333996032926,2.4894010156985775
brightness,brightness offset,-0.7,Deep ChArUco,1407,1166,0.8287135749822317,0.8765008576329331,1.5790993692822972,1.562662000392171,2.6160438733274214
brightness,brightness offset,-0.5,Deep ChArUco,1380,1174,0.8507246376811595,0.8645655877342419,1.5885948369339724,1.5575806254948952,2.5707745021042205
brightness,brightness offset,-0.25,Deep ChArUco,1354,1227,0.9062038404726735,0.882640586797066,1.6049797982818808,1.5705684986731918,2.563165197687676
brightness,brightness offset,0.0,Deep ChArUco,1392,1203,0.8642241379310345,0.8678304239401496,1.6251164513737006,1.5857504650547332,2.5038271142184936
brightness,brightness offset,0.35,Deep ChArUco,1416,1049,0.740819209039548,0.8293612964728313,1.627637282689232,1.599563591751353,2.5779705274662748
brightness,brightness offset,-0.9,Classical,1410,272,0.19290780141843972,1.0,0.7239413574501068,0.7332876000870291,0.9645821886479897
brightness,brightness offset,-0.7,Classical,1407,460,0.3269367448471926,1.0,0.7138290229499058,0.7330507406138275,1.034447504711553
brightness,brightness offset,-0.5,Classical,1380,447,0.3239130434782609,1.0,0.7146529479267482,0.7253829338711082,0.9750659354292652
brightness,brightness offset,-0.25,Classical,1354,487,0.35967503692762187,1.0,0.722080114393483,0.7492612712878485,1.0948864608617008
brightness,brightness offset,0.0,Classical,1392,541,0.3886494252873563,1.0,0.7139589496396626,0.7298638169080093,1.117181265453282
brightness,brightness offset,0.35,Classical,1416,321,0.2266949152542373,1.0,0.7187859790444261,0.7350330941440782,1.0761841489909898
contrast,contrast scale,0.6,Ours (coarse),1410,1401,0.9936170212765958,0.9928622412562456,0.43280135570992345,0.45275315177753694,0.8393791900127843
contrast,contrast scale,0.8,Ours (coarse),1407,1383,0.9829424307036247,0.9609544468546638,0.42328032747194405,0.4715952300888279,0.8496268699041569
contrast,contrast scale,1.0,Ours (coarse),1380,1369,0.9920289855072464,0.987582176771366,0.41256306177589824,0.4332343066516709,0.7716260564587765
contrast,contrast scale,1.2,Ours (coarse),1354,1317,0.9726735598227474,0.9916476841305999,0.4191033910336763,0.4457084962565502,0.8339553776788581
contrast,contrast scale,1.4,Ours (coarse),1392,1368,0.9827586206896551,0.9510233918128655,0.42404166172367314,0.4714397227224384,0.970202698144416
contrast,contrast scale,0.6,Ours (refined),1410,1400,0.9929078014184397,0.9928571428571429,0.08195194181581611,0.1796535173040448,0.7612588743453522
contrast,contrast scale,0.8,Ours (refined),1407,1381,0.9815209665955935,0.9608979000724113,0.08651386772974216,0.20035965031634023,0.7149229498300924
contrast,contrast scale,1.0,Ours (refined),1380,1368,0.991304347826087,0.9875730994152047,0.08619574053830781,0.18543435854500004,0.6853197511695277
contrast,contrast scale,1.2,Ours (refined),1354,1316,0.9719350073855244,0.9916413373860182,0.09165767751518214,0.1958738630410082,0.7111717779901734
contrast,contrast scale,1.4,Ours (refined),1392,1367,0.9820402298850575,0.9509875640087784,0.10993191104662474,0.2386164335756218,0.9694231286095458
contrast,contrast scale,0.6,Deep ChArUco,1410,1220,0.8652482269503546,0.85,1.5932175183472026,1.5803666098836813,2.595200965368777
contrast,contrast scale,0.8,Deep ChArUco,1407,1240,0.8813077469793887,0.8790322580645161,1.6180571798776031,1.593263127158664,2.6343400659230753
contrast,contrast scale,1.0,Deep ChArUco,1380,1192,0.863768115942029,0.8590604026845637,1.5997535244645498,1.578477813482088,2.5673749533720525
contrast,contrast scale,1.2,Deep ChArUco,1354,1159,0.8559822747415067,0.8679896462467644,1.6108725516333726,1.577553876973321,2.5716053521814657
contrast,contrast scale,1.4,Deep ChArUco,1392,1131,0.8125,0.843501326259947,1.6497777675184395,1.6053874595300253,2.560080034110028
contrast,contrast scale,0.6,Classical,1410,540,0.3829787234042553,1.0,0.7250145199854885,0.7324124322486895,0.970029589307161
contrast,contrast scale,0.8,Classical,1407,603,0.42857142857142855,1.0,0.7086036985189865,0.7193435558537264,1.010106636813542
contrast,contrast scale,1.0,Classical,1380,454,0.3289855072463768,1.0,0.717274273774295,0.7269925975267204,0.9907710759564414
contrast,contrast scale,1.2,Classical,1354,447,0.33013293943870015,1.0,0.7211666569812629,0.7486895456171673,1.0983945094282248
contrast,contrast scale,1.4,Classical,1392,463,0.33261494252873564,1.0,0.7055752489040034,0.7184496710499234,1.0389625461689234
defocus_blur,Gaussian blur kernel (px),0,Ours (coarse),1410,1402,0.9943262411347518,0.9921540656205421,0.41843562582512694,0.4356712721823296,0.7172552396833333
defocus_blur,Gaussian blur kernel (px),3,Ours (coarse),1407,1384,0.9836531627576404,0.9710982658959537,0.4214202752242049,0.4670793342155716,0.9115752985782097
defocus_blur,Gaussian blur kernel (px),5,Ours (coarse),1380,1371,0.9934782608695653,0.9905178701677607,0.4156974467689132,0.4425656138383664,0.7968700789321681
defocus_blur,Gaussian blur kernel (px),7,Ours (coarse),1354,1312,0.9689807976366323,0.9984756097560976,0.4251303364487162,0.4544848163355673,0.8558628876341999
defocus_blur,Gaussian blur kernel (px),9,Ours (coarse),1392,1357,0.9748563218390804,0.976418570375829,0.4459481218587286,0.5032630349859418,0.9441121336914325
defocus_blur,Gaussian blur kernel (px),0,Ours (refined),1410,1402,0.9943262411347518,0.9921540656205421,0.06040661324202029,0.14135252744631555,0.5325274836736511
defocus_blur,Gaussian blur kernel (px),3,Ours (refined),1407,1383,0.9829424307036247,0.9710773680404917,0.07410381919594643,0.18054266632199878,0.6835279400824325
defocus_blur,Gaussian blur kernel (px),5,Ours (refined),1380,1370,0.9927536231884058,0.9905109489051095,0.06791049388357906,0.19475331636675544,0.7520926365193713
defocus_blur,Gaussian blur kernel (px),7,Ours (refined),1354,1310,0.9675036927621861,0.9984732824427481,0.09878245507873754,0.21503071772357293,0.7407264114847318
defocus_blur,Gaussian blur kernel (px),9,Ours (refined),1392,1339,0.9619252873563219,0.9761015683345781,0.13363317089055707,0.29332002553088476,0.9651435829144189
defocus_blur,Gaussian blur kernel (px),0,Deep ChArUco,1410,1230,0.8723404255319149,0.8642276422764228,1.6137351481962003,1.5911074630122517,2.6005224094214494
defocus_blur,Gaussian blur kernel (px),3,Deep ChArUco,1407,1249,0.8877043354655295,0.8911128903122498,1.6287209447916395,1.5995886018574266,2.605753374270739
defocus_blur,Gaussian blur kernel (px),5,Deep ChArUco,1380,1197,0.8673913043478261,0.8705096073517126,1.6079780816012434,1.5897623016277596,2.579992085048855
defocus_blur,Gaussian blur kernel (px),7,Deep ChArUco,1354,1170,0.8641063515509602,0.8504273504273504,1.6628251049172726,1.6120544319178667,2.5938412756201554
defocus_blur,Gaussian blur kernel (px),9,Deep ChArUco,1392,1182,0.8491379310344828,0.8756345177664975,1.673962577324286,1.6354391136291362,2.599860489014718
defocus_blur,Gaussian blur kernel (px),0,Classical,1410,690,0.48936170212765956,1.0,0.7082331795141568,0.7228530556061605,0.9527461604942329
defocus_blur,Gaussian blur kernel (px),3,Classical,1407,576,0.4093816631130064,1.0,0.6981839934313454,0.7045810083432069,0.9817522855704058
defocus_blur,Gaussian blur kernel (px),5,Classical,1380,448,0.32463768115942027,1.0,0.701028374076641,0.7041111210941724,0.9420963854487425
defocus_blur,Gaussian blur kernel (px),7,Classical,1354,258,0.19054652880354506,1.0,0.7155179093121065,0.7690426961867244,1.2529153227492908
defocus_blur,Gaussian blur kernel (px),9,Classical,1392,313,0.22485632183908047,1.0,0.7112702591826426,0.7620768871047298,1.2128278583638907
diff_ambient,daylight pedestal (ambient),0.05,Ours (coarse),1410,1409,0.999290780141844,0.9907735982966643,0.42783634936178716,0.4376244586686332,0.7682292152356667
diff_ambient,daylight pedestal (ambient),0.2,Ours (coarse),1407,1379,0.9800995024875622,0.9876722262509064,0.4438994056891759,0.47508378429541087,0.8853969915356137
diff_ambient,daylight pedestal (ambient),0.4,Ours (coarse),1380,1377,0.9978260869565218,1.0,0.48033921247765465,0.5096229663000249,0.9838439414678265
diff_ambient,daylight pedestal (ambient),0.6,Ours (coarse),1354,1353,0.9992614475627769,1.0,0.5819582796235004,0.6183302289446494,1.2150751370392823
diff_ambient,daylight pedestal (ambient),0.8,Ours (coarse),1392,1374,0.9870689655172413,0.9912663755458515,0.5794731504312846,0.6293911209868639,1.252933399811916
diff_ambient,daylight pedestal (ambient),0.95,Ours (coarse),1416,1410,0.9957627118644068,0.9801418439716312,0.5960254572485704,0.645048635856967,1.270663472086706
diff_ambient,daylight pedestal (ambient),0.05,Ours (refined),1410,1408,0.9985815602836879,0.9907670454545454,0.11660565514484786,0.20040396329790047,0.6573156140063856
diff_ambient,daylight pedestal (ambient),0.2,Ours (refined),1407,1379,0.9800995024875622,0.9876722262509064,0.17648138255859766,0.26387064497413515,0.724429511838139
diff_ambient,daylight pedestal (ambient),0.4,Ours (refined),1380,1374,0.9956521739130435,1.0,0.2187420200100938,0.3205751052897992,0.8557360808125126
diff_ambient,daylight pedestal (ambient),0.6,Ours (refined),1354,1352,0.9985228951255539,1.0,0.3468227419470845,0.47606850646974036,1.2233429346640774
diff_ambient,daylight pedestal (ambient),0.8,Ours (refined),1392,1373,0.9863505747126436,0.9919883466860888,0.35975357635654154,0.479445289986213,1.2127273603929574
diff_ambient,daylight pedestal (ambient),0.95,Ours (refined),1416,1408,0.9943502824858758,0.9801136363636364,0.35117744604820644,0.49103170003599206,1.318224222448198
diff_ambient,daylight pedestal (ambient),0.05,Deep ChArUco,1410,1241,0.8801418439716312,0.8525382755842063,1.6020570239544423,1.5762424632298473,2.5950731511703857
diff_ambient,daylight pedestal (ambient),0.2,Deep ChArUco,1407,1257,0.8933901918976546,0.8711217183770883,1.6032584823187965,1.5938828088869976,2.6377938969716
diff_ambient,daylight pedestal (ambient),0.4,Deep ChArUco,1380,1226,0.8884057971014493,0.8548123980424144,1.6488108981058647,1.6340816930140771,2.689908247312819
diff_ambient,daylight pedestal (ambient),0.6,Deep ChArUco,1354,1189,0.878138847858198,0.8090832632464255,1.6865044153730107,1.6672816831105084,2.845978011290029
diff_ambient,daylight pedestal (ambient),0.8,Deep ChArUco,1392,1188,0.853448275862069,0.7760942760942761,1.5992389062421586,1.6392627258118166,2.7777326033355165
diff_ambient,daylight pedestal (ambient),0.95,Deep ChArUco,1416,1176,0.8305084745762712,0.7423469387755102,1.6554569659940634,1.6720148383164077,2.8930840919156386
diff_ambient,daylight pedestal (ambient),0.05,Classical,1410,535,0.37943262411347517,1.0,0.7437469085925813,0.7508347040260489,1.0571224695795698
diff_ambient,daylight pedestal (ambient),0.2,Classical,1407,551,0.3916133617626155,1.0,0.7044805796992186,0.7373796902371159,1.2294749331925003
diff_ambient,daylight pedestal (ambient),0.4,Classical,1380,424,0.3072463768115942,1.0,0.7827652234740947,0.793917415444767,1.1507065178876466
diff_ambient,daylight pedestal (ambient),0.6,Classical,1354,345,0.2548005908419498,1.0,0.7484289550245877,0.7839988484677026,1.3208710443375444
diff_ambient,daylight pedestal (ambient),0.8,Classical,1392,380,0.27298850574712646,1.0,0.7711790791536968,0.809131207230214,1.3657253830089742
diff_ambient,daylight pedestal (ambient),0.95,Classical,1416,300,0.211864406779661,1.0,0.7577373347066776,0.7931254759018166,1.3183561516460123
diff_ghosting,inter-frame shift (px),0.0,Ours (coarse),1410,1404,0.9957446808510638,0.9928774928774928,0.43161093656786387,0.447240512766667,0.7702381750062389
diff_ghosting,inter-frame shift (px),0.5,Ours (coarse),1407,1382,0.9822316986496091,0.9761215629522432,0.48293637225104646,0.5291559840873261,1.0545898544128207
diff_ghosting,inter-frame shift (px),1.0,Ours (coarse),1380,1378,0.9985507246376811,1.0,0.5301908501086523,0.5651698883590697,1.0860530759078932
diff_ghosting,inter-frame shift (px),2.0,Ours (coarse),1354,1352,0.9985228951255539,0.996301775147929,0.5662796126105204,0.6091630710509915,1.2053033777114097
diff_ghosting,inter-frame shift (px),3.0,Ours (coarse),1392,1372,0.985632183908046,1.0,0.46515188594697854,0.5042849344523238,1.0288956414267738
diff_ghosting,inter-frame shift (px),0.0,Ours (refined),1410,1403,0.9950354609929078,0.992872416250891,0.1492929962587866,0.24481984061008052,0.7299393896740061
diff_ghosting,inter-frame shift (px),0.5,Ours (refined),1407,1382,0.9822316986496091,0.9761215629522432,0.24785213302590303,0.34251392232133737,0.890926694319092
diff_ghosting,inter-frame shift (px),1.0,Ours (refined),1380,1377,0.9978260869565218,1.0,0.2930495324022954,0.3794273676563906,0.9831602464813879
diff_ghosting,inter-frame shift (px),2.0,Ours (refined),1354,1352,0.9985228951255539,0.996301775147929,0.28979290004811464,0.4331843570200246,1.1990767214834053
diff_ghosting,inter-frame shift (px),3.0,Ours (refined),1392,1367,0.9820402298850575,1.0,0.22778290516775962,0.35740345003408525,1.029083743810775
diff_ghosting,inter-frame shift (px),0.0,Deep ChArUco,1410,1219,0.8645390070921986,0.8367514356029533,1.6114720540059304,1.5946122796477589,2.651959716924038
diff_ghosting,inter-frame shift (px),0.5,Deep ChArUco,1407,1236,0.8784648187633263,0.8762135922330098,1.6230824218657807,1.6150109232097634,2.648497485926137
diff_ghosting,inter-frame shift (px),1.0,Deep ChArUco,1380,1241,0.8992753623188405,0.8525382755842063,1.6974417605939156,1.6900205718275614,2.814971189673812
diff_ghosting,inter-frame shift (px),2.0,Deep ChArUco,1354,1196,0.8833087149187593,0.8177257525083612,1.6802873718068958,1.6643060773681355,2.8522628479926944
diff_ghosting,inter-frame shift (px),3.0,Deep ChArUco,1392,1201,0.8627873563218391,0.7751873438800999,1.6266026404780938,1.6356045589733028,2.7456640624962394
diff_ghosting,inter-frame shift (px),0.0,Classical,1410,430,0.3049645390070922,1.0,0.7387141408729796,0.7580013102098818,1.099061713577842
diff_ghosting,inter-frame shift (px),0.5,Classical,1407,532,0.3781094527363184,1.0,0.697767554293955,0.7422591356891741,1.2799162758570162
diff_ghosting,inter-frame shift (px),1.0,Classical,1380,403,0.2920289855072464,1.0,0.7346203019808126,0.728256329069781,1.0753271091921026
diff_ghosting,inter-frame shift (px),2.0,Classical,1354,366,0.27031019202363366,1.0,0.7504230494646207,0.7744925753900519,1.1776605077984974
diff_ghosting,inter-frame shift (px),3.0,Classical,1392,418,0.30028735632183906,1.0,0.6805115414492697,0.709045143959227,1.2984043130250282
diff_ratio,LED peak (vs ambient 0.45),0.9,Ours (coarse),1410,1407,0.997872340425532,0.992181947405828,0.48360734427365293,0.5058964917201783,0.9363042210973918
diff_ratio,LED peak (vs ambient 0.45),0.6,Ours (coarse),1407,1377,0.9786780383795309,0.9789397240377633,0.49588567980723297,0.5350192644323541,1.0533318385866188
diff_ratio,LED peak (vs ambient 0.45),0.4,Ours (coarse),1380,1377,0.9978260869565218,0.9992737835875091,0.5263372243342049,0.5711318872760812,1.135762604499982
diff_ratio,LED peak (vs ambient 0.45),0.25,Ours (coarse),1354,1350,0.9970457902511078,0.9881481481481481,0.6575681385811418,0.7248324583911804,1.550605993022121
diff_ratio,LED peak (vs ambient 0.45),0.15,Ours (coarse),1392,1368,0.9827586206896551,0.9897660818713451,0.7168897646168175,0.8062041127154346,1.7422830195948513
diff_ratio,LED peak (vs ambient 0.45),0.9,Ours (refined),1410,1403,0.9950354609929078,0.99215965787598,0.19960553130286826,0.2901011017431962,0.7789922447046436
diff_ratio,LED peak (vs ambient 0.45),0.6,Ours (refined),1407,1377,0.9786780383795309,0.9789397240377633,0.23256172717507964,0.33536964543928294,0.9336949163856124
diff_ratio,LED peak (vs ambient 0.45),0.4,Ours (refined),1380,1376,0.9971014492753624,0.9992732558139535,0.2821792290616282,0.4029822258426183,1.0812259152747175
diff_ratio,LED peak (vs ambient 0.45),0.25,Ours (refined),1354,1348,0.9955686853766618,0.9881305637982196,0.4331641531749795,0.5800115264811442,1.5595963912522586
diff_ratio,LED peak (vs ambient 0.45),0.15,Ours (refined),1392,1367,0.9820402298850575,0.9897585954645208,0.5825290206878088,0.741197994646327,1.899324146878384
diff_ratio,LED peak (vs ambient 0.45),0.9,Deep ChArUco,1410,1244,0.8822695035460993,0.860128617363344,1.5918306556394417,1.581706645043795,2.6248848368335835
diff_ratio,LED peak (vs ambient 0.45),0.6,Deep ChArUco,1407,1255,0.8919687277896233,0.8557768924302789,1.6287209447916395,1.632572143024661,2.7204322160906447
diff_ratio,LED peak (vs ambient 0.45),0.4,Deep ChArUco,1380,1212,0.8782608695652174,0.8283828382838284,1.6431839840426914,1.6470369219793246,2.751599736223136
diff_ratio,LED peak (vs ambient 0.45),0.25,Deep ChArUco,1354,1143,0.8441654357459379,0.7349081364829396,1.7136826844523112,1.7036906848828386,2.881985386245489
diff_ratio,LED peak (vs ambient 0.45),0.15,Deep ChArUco,1392,1054,0.757183908045977,0.6650853889943074,1.6641143603749784,1.724452405100531,3.074832810848486
diff_ratio,LED peak (vs ambient 0.45),0.9,Classical,1410,570,0.40425531914893614,1.0,0.7812527157523086,0.7757678204094277,1.059670706945163
diff_ratio,LED peak (vs ambient 0.45),0.6,Classical,1407,557,0.39587775408670933,1.0,0.7250355341778548,0.7451176026094374,1.278764063449351
diff_ratio,LED peak (vs ambient 0.45),0.4,Classical,1380,406,0.2942028985507246,1.0,0.7748777808759155,0.8063935345821799,1.2068218889750837
diff_ratio,LED peak (vs ambient 0.45),0.25,Classical,1354,257,0.18980797636632202,1.0,0.7644266688612901,0.7807968558641835,1.4098437219239128
diff_ratio,LED peak (vs ambient 0.45),0.15,Classical,1392,137,0.09841954022988506,1.0,0.7300641467732057,0.7746216686222067,1.2780467948913545
distance,board square s (px),12,Ours (coarse),1571,1554,0.9891788669637174,0.9671814671814671,0.43525063275464126,0.4528689753070799,0.7952569277202468
distance,board square s (px),16,Ours (coarse),1519,1501,0.9881500987491771,0.966022651565623,0.427516491367278,0.4471404013766805,0.8078622724443266
distance,board square s (px),24,Ours (coarse),1542,1539,0.9980544747081712,0.9896036387264457,0.42832994711311506,0.46825016832598076,0.8596866403478868
distance,board square s (px),32,Ours (coarse),1471,1445,0.982324949014276,0.9972318339100346,0.4239248445490348,0.4518228169776492,0.8152416199814182
distance,board square s (px),48,Ours (coarse),1412,1383,0.9794617563739377,0.9971077368040492,0.42749057893939757,0.4527377595677351,0.789972307495773
distance,board square s (px),64,Ours (coarse),1333,1246,0.9347336834208552,0.9943820224719101,0.4179710448953383,0.4454621126561549,0.8104794746685502
distance,board square s (px),96,Ours (coarse),1176,1135,0.9651360544217688,0.9991189427312775,0.41460421440542206,0.4237474919594246,0.7597221720061659
distance,board square s (px),128,Ours (coarse),963,935,0.9709241952232607,0.9903743315508021,0.413238738937515,0.43088183856539447,0.7651458747469169
distance,board square s (px),12,Ours (refined),1571,1548,0.9853596435391471,0.9670542635658915,0.14032739356801374,0.2703699516910484,0.7980903558063376
distance,board square s (px),16,Ours (refined),1519,1494,0.9835418038183015,0.9658634538152611,0.10415885405346137,0.22691836838990476,0.7876785690924578
distance,board square s (px),24,Ours (refined),1542,1537,0.996757457846952,0.9895901106050748,0.07709442996169083,0.20010610184601926,0.7163803893665618
distance,board square s (px),32,Ours (refined),1471,1445,0.982324949014276,0.9972318339100346,0.10403365033862273,0.1978358412635369,0.7294770460378476
distance,board square s (px),48,Ours (refined),1412,1382,0.9787535410764873,0.9971056439942113,0.09633295524555902,0.1941157796727013,0.6990481380163398
distance,board square s (px),64,Ours (refined),1333,1246,0.9347336834208552,0.9943820224719101,0.10048098216365817,0.18834375574730258,0.6561613468685024
distance,board square s (px),96,Ours (refined),1176,1135,0.9651360544217688,0.9991189427312775,0.08174925075276679,0.1514788018474802,0.5252767920040282
distance,board square s (px),128,Ours (refined),963,935,0.9709241952232607,0.9903743315508021,0.08430749595587303,0.16416731678812133,0.6384501101827701
distance,board square s (px),12,Deep ChArUco,1571,671,0.4271164863144494,0.4947839046199702,1.8413903989383078,1.8975515960976435,3.5405567705675445
distance,board square s (px),16,Deep ChArUco,1519,1103,0.7261356155365372,0.7941976427923844,1.6420291808415255,1.6813700869196337,2.9524347985030013
distance,board square s (px),24,Deep ChArUco,1542,1450,0.940337224383917,0.9337931034482758,1.5658815465297942,1.5370608232205556,2.4810556400730843
distance,board square s (px),32,Deep ChArUco,1471,1366,0.9286199864038069,0.9158125915080527,1.5516784735474405,1.534142910747756,2.478872397153563
distance,board square s (px),48,Deep ChArUco,1412,1310,0.9277620396600567,0.933587786259542,1.6344978983818366,1.5722613650698838,2.54320164084279
distance,board square s (px),64,Deep ChArUco,1333,1182,0.886721680420105,0.9213197969543148,1.5731589914302146,1.530440780162152,2.4438794447153502
distance,board square s (px),96,Deep ChArUco,1176,1083,0.9209183673469388,0.8217913204062789,1.5835939539490471,1.552569040345437,2.4380730528354797
distance,board square s (px),128,Deep ChArUco,963,863,0.8961578400830738,0.5017381228273464,1.5568712308145467,1.5201015775131592,2.4242991711604778
distance,board square s (px),12,Classical,1571,9,0.005728835136855506,1.0,0.4693959282660175,0.4968431860110145,0.6989518680907958
distance,board square s (px),16,Classical,1519,187,0.12310730743910467,1.0,0.6606046535765271,0.6498098985492642,0.9837236570475489
distance,board square s (px),24,Classical,1542,560,0.3631647211413748,1.0,0.7062932596715223,0.7103796969856305,0.9379802471785852
distance,board square s (px),32,Classical,1471,622,0.4228416043507818,1.0,0.7045364183383684,0.7168121795997184,0.9956495402146417
distance,board square s (px),48,Classical,1412,801,0.5672804532577904,1.0,0.720971442217041,0.7549011787421838,1.121699359368012
distance,board square s (px),64,Classical,1333,632,0.4741185296324081,1.0,0.7248790016655824,0.7667473661604783,1.1533892562967323
distance,board square s (px),96,Classical,1176,360,0.30612244897959184,1.0,0.7280791506910937,0.7578879007091135,1.0892159107910173
distance,board square s (px),128,Classical,963,179,0.18587746625129803,1.0,0.7240040420589741,0.768688092200984,1.0300842691346204
distance_extrap,"board square s (px), TRAINED 12-128",6,Ours (coarse),1537,0,0.0,0.0,0.0,0.0,0.0
distance_extrap,"board square s (px), TRAINED 12-128",8,Ours (coarse),1552,45,0.028994845360824743,0.6,0.38500993946021794,0.3661593276144502,0.6152822553443446
distance_extrap,"board square s (px), TRAINED 12-128",10,Ours (coarse),1556,1441,0.9260925449871465,0.8084663428174879,0.4547048318100254,0.5187853726348496,1.1006028916010104
distance_extrap,"board square s (px), TRAINED 12-128",12,Ours (coarse),1535,1505,0.9804560260586319,0.9049833887043189,0.4408619255386109,0.48065047356673823,0.9623023731336984
distance_extrap,"board square s (px), TRAINED 12-128",16,Ours (coarse),1567,1551,0.9897894065092534,0.965183752417795,0.41680448842793094,0.43338732075920977,0.8056219229063649
distance_extrap,"board square s (px), TRAINED 12-128",64,Ours (coarse),1292,1262,0.9767801857585139,1.0,0.4259645697851555,0.4396491606056844,0.7546050625434267
distance_extrap,"board square s (px), TRAINED 12-128",128,Ours (coarse),959,922,0.9614181438998958,0.9978308026030369,0.41769320862820125,0.4204324694399369,0.7217469220075868
distance_extrap,"board square s (px), TRAINED 12-128",160,Ours (coarse),776,742,0.9561855670103093,0.8652291105121294,0.4401223663585908,0.4645049597937546,0.8761723188647418
distance_extrap,"board square s (px), TRAINED 12-128",192,Ours (coarse),697,679,0.9741750358680057,0.3784977908689249,0.42465940643824834,0.4415398519238092,0.8121872318956527
distance_extrap,"board square s (px), TRAINED 12-128",256,Ours (coarse),438,375,0.8561643835616438,0.056,0.4118014733844383,0.46819051712083476,0.9898150757787529
distance_extrap,"board square s (px), TRAINED 12-128",6,Ours (refined),1537,0,0.0,0.0,0.0,0.0,0.0
distance_extrap,"board square s (px), TRAINED 12-128",8,Ours (refined),1552,45,0.028994845360824743,0.6,0.06889821739495847,0.10286494574826305,0.26609284433473146
distance_extrap,"board square s (px), TRAINED 12-128",10,Ours (refined),1556,1439,0.9248071979434447,0.8088950660180682,0.13225795311315497,0.31143839681432606,1.1725631619227004
distance_extrap,"board square s (px), TRAINED 12-128",12,Ours (refined),1535,1500,0.9771986970684039,0.9046666666666666,0.14648430444575072,0.3095639330342785,1.07627925174976
distance_extrap,"board square s (px), TRAINED 12-128",16,Ours (refined),1567,1550,0.9891512444160817,0.9651612903225807,0.09526095201108004,0.2301130499822529,0.7732908351029446
distance_extrap,"board square s (px), TRAINED 12-128",64,Ours (refined),1292,1262,0.9767801857585139,1.0,0.09738603451632205,0.1649537074035154,0.586284101280461
distance_extrap,"board square s (px), TRAINED 12-128",128,Ours (refined),959,922,0.9614181438998958,0.9978308026030369,0.08424369921454224,0.14629123065099092,0.48539013137811327
distance_extrap,"board square s (px), TRAINED 12-128",160,Ours (refined),776,742,0.9561855670103093,0.8652291105121294,0.1022137513449321,0.20682986405144915,0.6863502609765295
distance_extrap,"board square s (px), TRAINED 12-128",192,Ours (refined),697,679,0.9741750358680057,0.3784977908689249,0.09794233472586833,0.1791128192647681,0.6438026950915465
distance_extrap,"board square s (px), TRAINED 12-128",256,Ours (refined),438,375,0.8561643835616438,0.056,0.1100421197658294,0.26284873944758674,0.9374578225262028
droplets,adherent droplets (n),0,Ours (coarse),1410,1371,0.9723404255319149,0.9773887673231219,0.4342909898093718,0.4619363419821316,0.8660538315011572
droplets,adherent droplets (n),1,Ours (coarse),1407,1366,0.9708599857853589,0.9934114202049781,0.42373203146827204,0.4541234539056716,0.8500382711942573
droplets,adherent droplets (n),2,Ours (coarse),1378,1373,0.9963715529753265,0.9701383831026948,0.4210934017473717,0.4420744744535632,0.7996388193711832
droplets,adherent droplets (n),4,Ours (coarse),1351,1336,0.9888971132494448,0.9790419161676647,0.4251303364487162,0.45168748867614733,0.8099258220161499
droplets,adherent droplets (n),6,Ours (coarse),1385,1366,0.9862815884476535,0.9824304538799414,0.4125256219470226,0.4465780715026381,0.8183373639542728
droplets,adherent droplets (n),0,Ours (refined),1410,1370,0.9716312056737588,0.9773722627737226,0.08699248331467521,0.20355024283790293,0.7675616246034133
droplets,adherent droplets (n),1,Ours (refined),1407,1365,0.9701492537313433,0.9934065934065934,0.09585416926423222,0.20778489607779307,0.8324578012441917
droplets,adherent droplets (n),2,Ours (refined),1378,1371,0.9949201741654572,0.9708242159008024,0.09055443094284894,0.20041112669316472,0.7233065795016442
droplets,adherent droplets (n),4,Ours (refined),1351,1336,0.9888971132494448,0.9790419161676647,0.10050204911564242,0.20508626921404413,0.710036990455833
droplets,adherent droplets (n),6,Ours (refined),1385,1365,0.9855595667870036,0.9824175824175824,0.08794330612687831,0.19135890883034373,0.6852326704541227
droplets,adherent droplets (n),0,Deep ChArUco,1410,1171,0.8304964539007093,0.860802732707088,1.610412000008909,1.587115461717018,2.589203986525658
droplets,adherent droplets (n),1,Deep ChArUco,1407,1226,0.8713574982231699,0.8743882544861338,1.593867537487517,1.5712607809551211,2.601358764988079
droplets,adherent droplets (n),2,Deep ChArUco,1378,1157,0.839622641509434,0.8660328435609335,1.5713303001455519,1.549154021992525,2.510507767599392
droplets,adherent droplets (n),4,Deep ChArUco,1351,1178,0.8719467061435974,0.8752122241086587,1.6157144532686583,1.5733083100579497,2.561709990831345
droplets,adherent droplets (n),6,Deep ChArUco,1385,1184,0.8548736462093863,0.856418918918919,1.6162769048919001,1.583322901039221,2.552277051933683
droplets,adherent droplets (n),0,Classical,1410,539,0.3822695035460993,1.0,0.7135704239820686,0.7272443735719889,0.9743034734967345
droplets,adherent droplets (n),1,Classical,1407,536,0.38095238095238093,1.0,0.7256908809633897,0.7349427379515249,0.9925936676758649
droplets,adherent droplets (n),2,Classical,1378,537,0.38969521044992744,1.0,0.7137906275255754,0.7196052181567996,0.9854877731741749
droplets,adherent droplets (n),4,Classical,1351,431,0.31902294596595115,1.0,0.7201236846164638,0.7628854561020103,1.1693973523437553
droplets,adherent droplets (n),6,Classical,1385,507,0.36606498194945847,1.0,0.7102448074557163,0.7211648481075923,1.0777444167795511
ink_contrast,NIR ink contrast scale,1.0,Ours (coarse),1410,1377,0.9765957446808511,0.9978213507625272,0.42572203391175784,0.44977498060710425,0.8080418912473738
ink_contrast,NIR ink contrast scale,1.15,Ours (coarse),1407,1339,0.9516702203269367,0.9813293502613891,0.4236315562811254,0.46286110736199,0.8442152260552213
ink_contrast,NIR ink contrast scale,1.3,Ours (coarse),1380,1356,0.9826086956521739,0.9778761061946902,0.42618021106067505,0.46899290502449303,0.9201475184773958
ink_contrast,NIR ink contrast scale,1.45,Ours (coarse),1354,1304,0.9630723781388478,0.973159509202454,0.44611837364740414,0.5088969419711769,1.1160657380100873
ink_contrast,NIR ink contrast scale,1.6,Ours (coarse),1392,1318,0.9468390804597702,0.8657056145675266,0.4971664387590613,0.5890307800173485,1.4256795380744354
ink_contrast,NIR ink contrast scale,1.0,Ours (refined),1410,1377,0.9765957446808511,0.9978213507625272,0.0793865983718731,0.18236652693750477,0.6472795065328992
ink_contrast,NIR ink contrast scale,1.15,Ours (refined),1407,1339,0.9516702203269367,0.9813293502613891,0.10022915244106557,0.1999465242923082,0.7785665203824519
ink_contrast,NIR ink contrast scale,1.3,Ours (refined),1380,1356,0.9826086956521739,0.9778761061946902,0.149774228355536,0.28436774888847416,0.969970704211079
ink_contrast,NIR ink contrast scale,1.45,Ours (refined),1354,1302,0.9615952732644018,0.9731182795698925,0.1865676542329367,0.3588765865810761,1.2401115538690861
ink_contrast,NIR ink contrast scale,1.6,Ours (refined),1392,1313,0.9432471264367817,0.8667174409748667,0.2928588120900491,0.4995570763812796,1.5776099985358405
ink_contrast,NIR ink contrast scale,1.0,Deep ChArUco,1410,1180,0.8368794326241135,0.8703389830508474,1.5992200973438497,1.5800331276606419,2.5850607482003083
ink_contrast,NIR ink contrast scale,1.15,Deep ChArUco,1407,1206,0.8571428571428571,0.8955223880597015,1.6224320291520606,1.6045505716222863,2.6374374495270323
ink_contrast,NIR ink contrast scale,1.3,Deep ChArUco,1380,1109,0.803623188405797,0.7899008115419297,1.6056469759145553,1.5968427262834997,2.595693762652242
ink_contrast,NIR ink contrast scale,1.45,Deep ChArUco,1354,972,0.7178729689807977,0.7623456790123457,1.6815196362582392,1.6364422180915899,2.6352461844957658
ink_contrast,NIR ink contrast scale,1.6,Deep ChArUco,1392,814,0.5847701149425287,0.683046683046683,1.6799637070846432,1.6709665810899736,2.8411449666663406
ink_contrast,NIR ink contrast scale,1.0,Classical,1410,513,0.3638297872340426,1.0,0.7136354370609357,0.7148403370751729,0.9647468982341879
ink_contrast,NIR ink contrast scale,1.15,Classical,1407,551,0.3916133617626155,1.0,0.7195042275038637,0.7449009259849683,1.1126446241467365
ink_contrast,NIR ink contrast scale,1.3,Classical,1380,350,0.2536231884057971,1.0,0.7106246582740988,0.7533919390947804,1.1250133283974695
ink_contrast,NIR ink contrast scale,1.45,Classical,1354,263,0.19423929098966028,1.0,0.7195575861165787,0.7527334965760125,1.216481400590437
ink_contrast,NIR ink contrast scale,1.6,Classical,1392,157,0.11278735632183907,1.0,0.7045653140191985,0.777957426407169,1.4184889404581889
motion_blur,motion blur kernel (px),0,Ours (coarse),1410,1402,0.9943262411347518,0.9921540656205421,0.41843562582512694,0.4356712721823296,0.7172552396833333
motion_blur,motion blur kernel (px),3,Ours (coarse),1407,1384,0.9836531627576404,0.9812138728323699,0.42339745155146014,0.4634085092584522,0.8790151988449124
motion_blur,motion blur kernel (px),5,Ours (coarse),1380,1370,0.9927536231884058,1.0,0.41620877637077763,0.4505066566124812,0.8222497720406852
motion_blur,motion blur kernel (px),7,Ours (coarse),1354,1309,0.9667651403249631,0.9946524064171123,0.4411708142482306,0.48137861790635567,0.9175838920856985
motion_blur,motion blur kernel (px),9,Ours (coarse),1392,1335,0.959051724137931,0.946067415730337,0.541746609628447,0.6673160366715306,1.6598254603941303
motion_blur,motion blur kernel (px),0,Ours (refined),1410,1402,0.9943262411347518,0.9921540656205421,0.06040661324202029,0.14135252744631555,0.5325274836736511
motion_blur,motion blur kernel (px),3,Ours (refined),1407,1384,0.9836531627576404,0.9812138728323699,0.07714290901675923,0.17795958125613706,0.6425354070967265
motion_blur,motion blur kernel (px),5,Ours (refined),1380,1368,0.991304347826087,1.0,0.09344478791975486,0.20966873761746002,0.791489632178037
motion_blur,motion blur kernel (px),7,Ours (refined),1354,1308,0.96602658788774,0.9946483180428135,0.20969779430871052,0.31305401046404785,0.8712617296229296
motion_blur,motion blur kernel (px),9,Ours (refined),1392,1324,0.9511494252873564,0.9493957703927492,0.4682572560282391,0.6264614072392144,1.8650149507225446
motion_blur,motion blur kernel (px),0,Deep ChArUco,1410,1230,0.8723404255319149,0.8642276422764228,1.6137351481962003,1.5911074630122517,2.6005224094214494
motion_blur,motion blur kernel (px),3,Deep ChArUco,1407,1247,0.8862828713574982,0.8933440256615878,1.6280303276388424,1.5937825019150544,2.586511351255422
motion_blur,motion blur kernel (px),5,Deep ChArUco,1380,1190,0.8623188405797102,0.8663865546218488,1.6267984351459324,1.6055632384701368,2.571962792673676
motion_blur,motion blur kernel (px),7,Deep ChArUco,1354,1138,0.8404726735598228,0.844463971880492,1.6636724265889047,1.614484173551056,2.6237161243428564
motion_blur,motion blur kernel (px),9,Deep ChArUco,1392,1069,0.7679597701149425,0.7876520112254444,1.6595823705293424,1.6433488990293108,2.6919777778610112
motion_blur,motion blur kernel (px),0,Classical,1410,690,0.48936170212765956,1.0,0.7082331795141568,0.7228530556061605,0.9527461604942329
motion_blur,motion blur kernel (px),3,Classical,1407,589,0.4186211798152097,1.0,0.7028955231259616,0.7187251772368558,1.0002535910200423
motion_blur,motion blur kernel (px),5,Classical,1380,374,0.2710144927536232,1.0,0.6987356017453348,0.707469376563479,0.9502328311418081
motion_blur,motion blur kernel (px),7,Classical,1354,184,0.1358936484490399,1.0,0.7031996824658051,0.7244862494105805,1.0798622289800908
motion_blur,motion blur kernel (px),9,Classical,1392,174,0.125,1.0,0.7339413356523343,0.7946916808393395,1.2248753625780728
object_occlusion,"real object occluders (n, SAM2 bank)",0,Ours (coarse),1409,1407,0.9985805535841022,0.9744136460554371,0.436130373450159,0.4582507142115487,0.8412061557918328
object_occlusion,"real object occluders (n, SAM2 bank)",1,Ours (coarse),1429,1382,0.967109867039888,0.9848046309696092,0.4248157433807874,0.46028118837278015,0.8641985291554324
object_occlusion,"real object occluders (n, SAM2 bank)",2,Ours (coarse),1388,1375,0.9906340057636888,0.9825454545454545,0.41262840663181183,0.4389717116519486,0.7861366397685493
object_occlusion,"real object occluders (n, SAM2 bank)",3,Ours (coarse),1296,1263,0.9745370370370371,0.9912905779889153,0.4183757654663084,0.445555310622896,0.8219323659803489
object_occlusion,"real object occluders (n, SAM2 bank)",4,Ours (coarse),1325,1311,0.9894339622641509,0.9984744469870328,0.411231848682165,0.43397746355181493,0.7984755158217762
object_occlusion,"real object occluders (n, SAM2 bank)",0,Ours (refined),1409,1406,0.9978708303761533,0.9743954480796586,0.10254161685699593,0.2059613887504486,0.7345776148126538
object_occlusion,"real object occluders (n, SAM2 bank)",1,Ours (refined),1429,1381,0.966410076976907,0.9847936278059377,0.09328163330936418,0.20324786147296417,0.7377337629794024
object_occlusion,"real object occluders (n, SAM2 bank)",2,Ours (refined),1388,1372,0.9884726224783862,0.9825072886297376,0.0860251088429085,0.19097448578730133,0.6679046982977374
object_occlusion,"real object occluders (n, SAM2 bank)",3,Ours (refined),1296,1263,0.9745370370370371,0.9912905779889153,0.09323546821436235,0.1856314708321991,0.6677990988714854
object_occlusion,"real object occluders (n, SAM2 bank)",4,Ours (refined),1325,1311,0.9894339622641509,0.9984744469870328,0.0989073871040106,0.18714788961519824,0.6434687094389874
object_occlusion,"real object occluders (n, SAM2 bank)",0,Deep ChArUco,1409,1215,0.8623136976579134,0.8806584362139918,1.5925467977477124,1.564516972458021,2.5084378617621805
object_occlusion,"real object occluders (n, SAM2 bank)",1,Deep ChArUco,1429,1232,0.8621413575927221,0.898538961038961,1.6112602031774426,1.5776658271737312,2.581778245985175
object_occlusion,"real object occluders (n, SAM2 bank)",2,Deep ChArUco,1388,1189,0.8566282420749279,0.8755256518082423,1.5908015111861376,1.572829173903589,2.542738248701933
object_occlusion,"real object occluders (n, SAM2 bank)",3,Deep ChArUco,1296,1112,0.8580246913580247,0.8597122302158273,1.599937488837511,1.5551326750124306,2.537905478467084
object_occlusion,"real object occluders (n, SAM2 bank)",4,Deep ChArUco,1325,1159,0.8747169811320755,0.8507333908541846,1.6064875596655381,1.58817029901736,2.6067080489956664
object_occlusion,"real object occluders (n, SAM2 bank)",0,Classical,1409,473,0.3356990773598297,1.0,0.7316249505276766,0.7515464223493747,1.0386491124095807
object_occlusion,"real object occluders (n, SAM2 bank)",1,Classical,1429,608,0.42547235829251223,1.0,0.715484451598674,0.7321489111868644,1.0607414378951407
object_occlusion,"real object occluders (n, SAM2 bank)",2,Classical,1388,512,0.3688760806916426,1.0,0.7200476588928937,0.7456811821394125,1.0442092771080786
object_occlusion,"real object occluders (n, SAM2 bank)",3,Classical,1296,409,0.31558641975308643,1.0,0.730670847197452,0.7590781423792486,1.1661682146711458
object_occlusion,"real object occluders (n, SAM2 bank)",4,Classical,1325,434,0.32754716981132076,1.0,0.7127536836650353,0.7123894895088171,1.0169263072266126
occlusion,rectangular occluders (n),0,Ours (coarse),1423,1386,0.9739985945186226,0.974025974025974,0.4426396040037725,0.4850076869531376,0.9457425100060541
occlusion,rectangular occluders (n),2,Ours (coarse),1407,1370,0.9737029140014215,0.9722627737226277,0.41526527490480625,0.43774054460462697,0.7681803371989285
occlusion,rectangular occluders (n),4,Ours (coarse),1359,1356,0.9977924944812362,0.9653392330383481,0.4123749565762219,0.4574490012013773,0.8777101631625716
occlusion,rectangular occluders (n),6,Ours (coarse),1314,1298,0.9878234398782344,1.0,0.4160239854807706,0.43436263418523485,0.7492799820974422
occlusion,rectangular occluders (n),8,Ours (coarse),1346,1319,0.9799405646359584,0.9984836997725549,0.4069250273907415,0.4261398742613278,0.7453929007661688
occlusion,rectangular occluders (n),10,Ours (coarse),1357,1311,0.9661016949152542,0.9870327993897788,0.4249228942281009,0.445167107276409,0.7882440776296049
occlusion,rectangular occluders (n),0,Ours (refined),1423,1382,0.9711876317638791,0.9739507959479016,0.09232943545706587,0.235899777790652,0.8876253356640754
occlusion,rectangular occluders (n),2,Ours (refined),1407,1367,0.9715707178393745,0.972201901975128,0.09037718586738679,0.19216548194330782,0.6426033668896594
occlusion,rectangular occluders (n),4,Ours (refined),1359,1356,0.9977924944812362,0.9653392330383481,0.07822128891671731,0.2050585674963668,0.8635906082792939
occlusion,rectangular occluders (n),6,Ours (refined),1314,1298,0.9878234398782344,1.0,0.09475301202747104,0.17568748442372975,0.5883971668753711
occlusion,rectangular occluders (n),8,Ours (refined),1346,1319,0.9799405646359584,0.9984836997725549,0.0893828836202942,0.17154661328711066,0.6123192206837466
occlusion,rectangular occluders (n),10,Ours (refined),1357,1310,0.9653647752394989,0.9870229007633587,0.1014618153139667,0.19332569280805384,0.6569534842171609
occlusion,rectangular occluders (n),0,Deep ChArUco,1423,1177,0.8271257905832747,0.8751062022090059,1.6119791013829077,1.598775197297665,2.6243591578538834
occlusion,rectangular occluders (n),2,Deep ChArUco,1407,1233,0.8763326226012793,0.8718572587185726,1.5907600708432132,1.5678819757311406,2.58513976187818
occlusion,rectangular occluders (n),4,Deep ChArUco,1359,1140,0.8388520971302428,0.8491228070175438,1.5838848413853142,1.5642069647376893,2.533952906965977
occlusion,rectangular occluders (n),6,Deep ChArUco,1314,1169,0.8896499238964992,0.8502994011976048,1.6387966566996948,1.6012306149455728,2.579162561727243
occlusion,rectangular occluders (n),8,Deep ChArUco,1346,1154,0.8573551263001485,0.830155979202773,1.6277991854108484,1.6040760460722086,2.585190321496836
occlusion,rectangular occluders (n),10,Deep ChArUco,1357,1149,0.8467207074428887,0.825065274151436,1.646480156417325,1.6067177868114786,2.624580503457025
occlusion,rectangular occluders (n),0,Classical,1423,566,0.3977512297962052,1.0,0.7189102869265156,0.7578518489012095,1.0975153555614114
occlusion,rectangular occluders (n),2,Classical,1407,526,0.3738450604122246,1.0,0.7170344294197231,0.7377778127799087,1.0626227225551002
occlusion,rectangular occluders (n),4,Classical,1359,559,0.41133186166298746,1.0,0.7142709894612459,0.7815881130049934,1.2857412434017625
occlusion,rectangular occluders (n),6,Classical,1314,440,0.334855403348554,1.0,0.7138146629948774,0.723706646348246,1.048677244642951
occlusion,rectangular occluders (n),8,Classical,1346,369,0.27414561664190196,1.0,0.7074477643578723,0.726626858257989,1.0503410705726184
occlusion,rectangular occluders (n),10,Classical,1357,341,0.25128960943257184,1.0,0.7093144461660745,0.7553571893668463,1.1111171632388754
rotation,in-plane rotation (deg),0,Ours (coarse),1397,1381,0.9885468861846815,0.9956553222302679,0.40078626277979457,0.4187497675513938,0.7088000819973332
rotation,in-plane rotation (deg),30,Ours (coarse),1425,1393,0.9775438596491228,0.990667623833453,0.4264094550562858,0.46044939335184515,0.8948682031311535
rotation,in-plane rotation (deg),60,Ours (coarse),1432,1412,0.9860335195530726,0.9992917847025495,0.4146200179512096,0.42888257042013056,0.7431282372988353
rotation,in-plane rotation (deg),90,Ours (coarse),1406,1386,0.9857752489331437,0.9992784992784993,0.4265494901156167,0.44955536426009857,0.8255588294831726
rotation,in-plane rotation (deg),120,Ours (coarse),1424,1389,0.9754213483146067,0.9870410367170627,0.4180860813439637,0.4437274687916094,0.7379708101464951
rotation,in-plane rotation (deg),150,Ours (coarse),1444,1406,0.9736842105263158,0.9914651493598862,0.4308642728784693,0.46719279046892054,0.8538539084873232
rotation,in-plane rotation (deg),180,Ours (coarse),1457,1424,0.9773507206588882,0.9978932584269663,0.4231386645563934,0.4527748241588612,0.8556173297966427
rotation,in-plane rotation (deg),0,Ours (refined),1397,1381,0.9885468861846815,0.9956553222302679,0.08148331112063248,0.15588379121191834,0.507355912192564
rotation,in-plane rotation (deg),30,Ours (refined),1425,1393,0.9775438596491228,0.990667623833453,0.08911357813952044,0.20185033741444555,0.8264018541634787
rotation,in-plane rotation (deg),60,Ours (refined),1432,1412,0.9860335195530726,0.9992917847025495,0.08064800286312371,0.15618518753902635,0.5355409838766647
rotation,in-plane rotation (deg),90,Ours (refined),1406,1386,0.9857752489331437,0.9992784992784993,0.08983415421423302,0.19329181679535157,0.717637328699965
rotation,in-plane rotation (deg),120,Ours (refined),1424,1389,0.9754213483146067,0.9870410367170627,0.09591322931162181,0.18552254387262826,0.6237033198499967
rotation,in-plane rotation (deg),150,Ours (refined),1444,1406,0.9736842105263158,0.9914651493598862,0.09896023098703306,0.2108249426082903,0.7303630371048382
rotation,in-plane rotation (deg),180,Ours (refined),1457,1423,0.9766643788606726,0.9978917779339423,0.09158301849221855,0.19362634250287436,0.7759809628334569
rotation,in-plane rotation (deg),0,Deep ChArUco,1397,1326,0.9491768074445239,0.9079939668174962,1.5522661727819496,1.5104691716764318,2.4085597864513995
rotation,in-plane rotation (deg),30,Deep ChArUco,1425,1331,0.9340350877192982,0.8993238166791886,1.6231847400521833,1.5761726469590311,2.524821200984463
rotation,in-plane rotation (deg),60,Deep ChArUco,1432,1352,0.9441340782122905,0.9304733727810651,1.5934698884121625,1.5588661605346226,2.498370236798634
rotation,in-plane rotation (deg),90,Deep ChArUco,1406,1298,0.9231863442389758,0.901386748844376,1.6127707281235102,1.568928467362633,2.4792045313180835
rotation,in-plane rotation (deg),120,Deep ChArUco,1424,1323,0.9290730337078652,0.909297052154195,1.5550249908191136,1.5117957162592865,2.441573491406147
rotation,in-plane rotation (deg),150,Deep ChArUco,1444,1325,0.917590027700831,0.9071698113207547,1.5518234530012363,1.5265675429148953,2.470402994018071
rotation,in-plane rotation (deg),180,Deep ChArUco,1457,1304,0.8949897048730268,0.9194785276073619,1.6177394992288572,1.5701102416889812,2.448214593734044
rotation,in-plane rotation (deg),0,Classical,1397,771,0.5518969219756621,1.0,0.7137245148112069,0.7424044134818949,1.105594824200119
rotation,in-plane rotation (deg),30,Classical,1425,732,0.5136842105263157,1.0,0.7132663530629039,0.7404137005353072,1.0226831872510522
rotation,in-plane rotation (deg),60,Classical,1432,746,0.520949720670391,1.0,0.7108792368860279,0.725561180370607,0.9762638242507498
rotation,in-plane rotation (deg),90,Classical,1406,732,0.5206258890469416,1.0,0.7220881761173391,0.7374307900364088,1.0642040213230726
rotation,in-plane rotation (deg),120,Classical,1424,758,0.5323033707865169,1.0,0.7023775270554704,0.7285312818197901,1.0424700827080797
rotation,in-plane rotation (deg),150,Classical,1444,708,0.4903047091412742,1.0,0.7098605205045065,0.7217685552552203,0.9871910701567395
rotation,in-plane rotation (deg),180,Classical,1457,711,0.48798901853122856,1.0,0.7115392935638132,0.7145454904928958,1.0312287113690028
sensor_noise_K,"sensor gain K (e-/DN, lower = noisier)",30,Ours (coarse),1410,1382,0.9801418439716312,0.9797395079594791,0.4375484110168274,0.46672820450173874,0.8856454343376932
sensor_noise_K,"sensor gain K (e-/DN, lower = noisier)",16,Ours (coarse),1407,1373,0.9758351101634684,0.965768390386016,0.4169482817334363,0.45182017343246267,0.7811756857879698
sensor_noise_K,"sensor gain K (e-/DN, lower = noisier)",8,Ours (coarse),1380,1370,0.9927536231884058,1.0,0.4168402357959866,0.4393515725336337,0.7978094385741183
sensor_noise_K,"sensor gain K (e-/DN, lower = noisier)",4,Ours (coarse),1354,1329,0.981536189069424,0.9977426636568849,0.4231341807334242,0.4473106427199158,0.81064552478964
sensor_noise_K,"sensor gain K (e-/DN, lower = noisier)",2,Ours (coarse),1392,1368,0.9827586206896551,0.9736842105263158,0.42440032803634636,0.47076375383270136,0.9117439382439972
sensor_noise_K,"sensor gain K (e-/DN, lower = noisier)",1,Ours (coarse),1416,1379,0.9738700564971752,0.981145757795504,0.4344568380629017,0.46963454218009487,0.8850677725165995
sensor_noise_K,"sensor gain K (e-/DN, lower = noisier)",30,Ours (refined),1410,1381,0.9794326241134752,0.9797248370745837,0.08631188805959977,0.21407409114619533,0.884096049409761
sensor_noise_K,"sensor gain K (e-/DN, lower = noisier)",16,Ours (refined),1407,1370,0.9737029140014215,0.9656934306569344,0.08777684866307942,0.19177222160647847,0.5981862690027675
sensor_noise_K,"sensor gain K (e-/DN, lower = noisier)",8,Ours (refined),1380,1369,0.9920289855072464,1.0,0.09543653961593217,0.21087006367256933,0.794412812519277
sensor_noise_K,"sensor gain K (e-/DN, lower = noisier)",4,Ours (refined),1354,1328,0.9807976366322009,0.9977409638554217,0.13613118699630294,0.2314287738888388,0.7315510174387585
sensor_noise_K,"sensor gain K (e-/DN, lower = noisier)",2,Ours (refined),1392,1366,0.9813218390804598,0.9736456808199122,0.16340409958961905,0.2796479517815552,0.8740586585923572
sensor_noise_K,"sensor gain K (e-/DN, lower = noisier)",1,Ours (refined),1416,1377,0.972457627118644,0.981118373275236,0.2008960512629957,0.31429994963092,0.8990800712822735
sensor_noise_K,"sensor gain K (e-/DN, lower = noisier)",30,Deep ChArUco,1410,1180,0.8368794326241135,0.8576271186440678,1.5982551941580665,1.5751966259824381,2.586223465065852
sensor_noise_K,"sensor gain K (e-/DN, lower = noisier)",16,Deep ChArUco,1407,1241,0.8820184790334044,0.8928283642224013,1.6220317319282707,1.5931600657948553,2.59635989793914
sensor_noise_K,"sensor gain K (e-/DN, lower = noisier)",8,Deep ChArUco,1380,1176,0.8521739130434782,0.8545918367346939,1.591130783487316,1.5679565453778614,2.5468446227267174
sensor_noise_K,"sensor gain K (e-/DN, lower = noisier)",4,Deep ChArUco,1354,1162,0.8581979320531757,0.8597246127366609,1.6051275790710862,1.5563777844015203,2.5444576553937006
sensor_noise_K,"sensor gain K (e-/DN, lower = noisier)",2,Deep ChArUco,1392,1193,0.8570402298850575,0.8281642917015927,1.6323746135539587,1.6103109306330252,2.581351199114161
sensor_noise_K,"sensor gain K (e-/DN, lower = noisier)",1,Deep ChArUco,1416,1131,0.798728813559322,0.8346595932802829,1.6430541090330404,1.6242912831968113,2.730687900494758
sensor_noise_K,"sensor gain K (e-/DN, lower = noisier)",30,Classical,1410,541,0.38368794326241135,1.0,0.7210475002045347,0.7323249683928784,0.9897707391048903
sensor_noise_K,"sensor gain K (e-/DN, lower = noisier)",16,Classical,1407,583,0.4143567874911159,1.0,0.7076392022661966,0.7159216319076998,1.0098900606160712
sensor_noise_K,"sensor gain K (e-/DN, lower = noisier)",8,Classical,1380,454,0.3289855072463768,1.0,0.7147075989994529,0.735291926184625,1.004204458740196
sensor_noise_K,"sensor gain K (e-/DN, lower = noisier)",4,Classical,1354,450,0.33234859675036926,1.0,0.7225870062663415,0.757217237533539,1.1954583467623103
sensor_noise_K,"sensor gain K (e-/DN, lower = noisier)",2,Classical,1392,453,0.3254310344827586,1.0,0.7129486627767384,0.7390683637889643,1.2030614510474515
sensor_noise_K,"sensor gain K (e-/DN, lower = noisier)",1,Classical,1416,421,0.297316384180791,1.0,0.7447660958835801,0.775014997572157,1.2148593034718278
specular,specular lobe strength (DN),0,Ours (coarse),1409,1368,0.9709013484740951,0.9868421052631579,0.42377328166363726,0.43939780023838604,0.7485150294334444
specular,specular lobe strength (DN),60,Ours (coarse),1407,1351,0.9601990049751243,0.9681717246484086,0.42369324345139764,0.4547116718666358,0.8110360515217458
specular,specular lobe strength (DN),120,Ours (coarse),1380,1369,0.9920289855072464,0.9941563184806428,0.41218685137654565,0.44050127355484764,0.7681811733799045
specular,specular lobe strength (DN),180,Ours (coarse),1352,1325,0.9800295857988166,0.9932075471698113,0.420651385657297,0.44611616626595174,0.8085669921332431
specular,specular lobe strength (DN),220,Ours (coarse),1392,1345,0.9662356321839081,0.9799256505576208,0.4192059352551913,0.45659338483353434,0.8785040076799175
specular,specular lobe strength (DN),0,Ours (refined),1409,1367,0.9701916252661462,0.986100950987564,0.08510256764798411,0.1974056187453127,0.6221185262070505
specular,specular lobe strength (DN),60,Ours (refined),1407,1350,0.9594882729211087,0.9681481481481482,0.09707645609737474,0.207312116809637,0.7372651235805304
specular,specular lobe strength (DN),120,Ours (refined),1380,1367,0.9905797101449275,0.9941477688368691,0.08456324586043105,0.18193535234650207,0.6440804132231136
specular,specular lobe strength (DN),180,Ours (refined),1352,1324,0.9792899408284024,0.993202416918429,0.10512611048849546,0.21031841785945438,0.7366967092119354
specular,specular lobe strength (DN),220,Ours (refined),1392,1342,0.9640804597701149,0.9798807749627422,0.1125774770576099,0.21943223178738458,0.832603878704851
specular,specular lobe strength (DN),0,Deep ChArUco,1409,1184,0.8403122782114976,0.8606418918918919,1.585812214315452,1.553096100490981,2.53824023412219
specular,specular lobe strength (DN),60,Deep ChArUco,1407,1202,0.8542999289267946,0.8760399334442596,1.5934617114831484,1.57484174883526,2.633973037876182
specular,specular lobe strength (DN),120,Deep ChArUco,1380,1182,0.8565217391304348,0.8527918781725888,1.5997535244645498,1.5763107183954101,2.5907958218071285
specular,specular lobe strength (DN),180,Deep ChArUco,1352,1185,0.8764792899408284,0.8210970464135021,1.6524179436459139,1.6079912123235416,2.5642066633592635
specular,specular lobe strength (DN),220,Deep ChArUco,1392,1169,0.8397988505747126,0.834901625320787,1.6156753335549359,1.5920917832628125,2.5470751941591283
specular,specular lobe strength (DN),0,Classical,1409,497,0.35273243435060325,1.0,0.719233164145256,0.7325281014687757,1.064045688509291
specular,specular lobe strength (DN),60,Classical,1407,508,0.36105188343994316,1.0,0.734021812360558,0.7520588168723853,1.0729421602755052
specular,specular lobe strength (DN),120,Classical,1380,465,0.33695652173913043,1.0,0.70569830969327,0.7252269840832014,1.0311080128307777
specular,specular lobe strength (DN),180,Classical,1352,410,0.3032544378698225,1.0,0.7201497846465823,0.751998427503667,1.1294288232124745
specular,specular lobe strength (DN),220,Classical,1392,475,0.34123563218390807,1.0,0.7152460405882619,0.7458224922750376,1.1275021688262978
tilt,out-of-plane tilt (deg),0,Ours (coarse),1418,1404,0.9901269393511989,0.9992877492877493,0.42929694791710893,0.4368760974887714,0.763188218452896
tilt,out-of-plane tilt (deg),10,Ours (coarse),1428,1404,0.9831932773109243,0.9886039886039886,0.420525792424104,0.4360281673173632,0.7412043048155215
tilt,out-of-plane tilt (deg),20,Ours (coarse),1451,1430,0.9855272226051,1.0,0.4310835168321585,0.4546980114695931,0.8388251291019223
tilt,out-of-plane tilt (deg),30,Ours (coarse),1436,1410,0.9818941504178273,0.9985815602836879,0.4247296260590694,0.449403823092704,0.7894547027281055
tilt,out-of-plane tilt (deg),40,Ours (coarse),1443,1413,0.9792099792099792,0.9964614295824487,0.4331521777227766,0.46532330363868085,0.8336481451039338
tilt,out-of-plane tilt (deg),50,Ours (coarse),1446,1365,0.9439834024896265,0.9985347985347985,0.42714340191721634,0.4492856315590071,0.8147117017312201
tilt,out-of-plane tilt (deg),60,Ours (coarse),1472,1412,0.9592391304347826,0.9957507082152974,0.42416242879459154,0.44934664428046406,0.7630134673605894
tilt,out-of-plane tilt (deg),0,Ours (refined),1418,1404,0.9901269393511989,0.9992877492877493,0.090347821917604,0.16287027882133037,0.5630170113865129
tilt,out-of-plane tilt (deg),10,Ours (refined),1428,1404,0.9831932773109243,0.9886039886039886,0.08670523192771415,0.16625708612178888,0.5718414193148713
tilt,out-of-plane tilt (deg),20,Ours (refined),1451,1430,0.9855272226051,1.0,0.07900468123751153,0.16851659513695863,0.6040449352682654
tilt,out-of-plane tilt (deg),30,Ours (refined),1436,1410,0.9818941504178273,0.9985815602836879,0.0981704952951317,0.19450929626605865,0.6584241711544492
tilt,out-of-plane tilt (deg),40,Ours (refined),1443,1412,0.9785169785169785,0.9964589235127479,0.08444018856527703,0.18523568063593113,0.6944793677356464
tilt,out-of-plane tilt (deg),50,Ours (refined),1446,1363,0.9426002766251729,0.9985326485693323,0.08897678404723461,0.18712804030072794,0.7114860248922639
tilt,out-of-plane tilt (deg),60,Ours (refined),1472,1412,0.9592391304347826,0.9957507082152974,0.08735130195598877,0.17914740299234191,0.6261402709091584
tilt,out-of-plane tilt (deg),0,Deep ChArUco,1418,1356,0.9562764456981664,0.9564896755162242,1.5988354504187592,1.5372733641450829,2.4312605049141336
tilt,out-of-plane tilt (deg),10,Deep ChArUco,1428,1333,0.9334733893557423,0.927231807951988,1.5954331793258503,1.5472677164694826,2.457388453700936
tilt,out-of-plane tilt (deg),20,Deep ChArUco,1451,1364,0.9400413507925569,0.9259530791788856,1.5621913901137776,1.5323043266115683,2.4422796601493046
tilt,out-of-plane tilt (deg),30,Deep ChArUco,1436,1325,0.9227019498607242,0.9116981132075471,1.5579283955853906,1.507254248410576,2.4513371751821165
tilt,out-of-plane tilt (deg),40,Deep ChArUco,1443,1358,0.9410949410949411,0.9425625920471281,1.5650796575356027,1.5345302161959598,2.4553361982030877
tilt,out-of-plane tilt (deg),50,Deep ChArUco,1446,1309,0.9052558782849239,0.9098548510313216,1.5633774276642836,1.521747221539095,2.456110498868328
tilt,out-of-plane tilt (deg),60,Deep ChArUco,1472,1325,0.9001358695652174,0.9283018867924528,1.6084129190769954,1.5473790568914718,2.474619268434457
tilt,out-of-plane tilt (deg),0,Classical,1418,758,0.5345557122708039,1.0,0.721043597911093,0.7403489954553685,1.095441009595823
tilt,out-of-plane tilt (deg),10,Classical,1428,794,0.5560224089635855,1.0,0.7137922300159156,0.7502265396823132,1.1097855312762785
tilt,out-of-plane tilt (deg),20,Classical,1451,803,0.5534114403859407,1.0,0.7187832481155452,0.7296430766692297,1.0333774945164176
tilt,out-of-plane tilt (deg),30,Classical,1436,758,0.5278551532033426,1.0,0.7251511667556253,0.7355926812866049,1.0364263360257695
tilt,out-of-plane tilt (deg),40,Classical,1443,788,0.546084546084546,1.0,0.7094225873628105,0.7298010271003986,1.0626186767742558
tilt,out-of-plane tilt (deg),50,Classical,1446,769,0.5318118948824343,1.0,0.729539384497551,0.7697772427609445,1.1128267302084067
tilt,out-of-plane tilt (deg),60,Classical,1472,759,0.515625,1.0,0.7152580782772373,0.7401427789645605,1.103622952739409
vignette,vignette strength,0.0,Ours (coarse),1410,1370,0.9716312056737588,0.9759124087591241,0.4413382380617976,0.48515693781430713,0.9424633596005818
vignette,vignette strength,0.05,Ours (coarse),1407,1371,0.9744136460554371,0.9854121079504011,0.4206371429495069,0.4395897489326098,0.7752017540443086
vignette,vignette strength,0.12,Ours (coarse),1380,1358,0.9840579710144928,1.0,0.4040368910396036,0.4227370715297573,0.7317491597414748
vignette,vignette strength,0.2,Ours (coarse),1354,1330,0.982274741506647,1.0,0.4163047259757451,0.4298655723997457,0.7397784722087279
vignette,vignette strength,0.25,Ours (coarse),1392,1378,0.9899425287356322,0.9840348330914369,0.4189258281621423,0.45080929379398066,0.8214226679452926
vignette,vignette strength,0.0,Ours (refined),1410,1369,0.9709219858156029,0.9758948137326515,0.09623205620036775,0.24094408181279214,0.9387687310492648
vignette,vignette strength,0.05,Ours (refined),1407,1370,0.9737029140014215,0.9854014598540146,0.08575715045697463,0.1689260531901177,0.588887006535497
vignette,vignette strength,0.12,Ours (refined),1380,1358,0.9840579710144928,1.0,0.08111035488545883,0.1720391907819937,0.5910854309200188
vignette,vignette strength,0.2,Ours (refined),1354,1329,0.981536189069424,1.0,0.08602801965258705,0.17064003189241483,0.6010766647766825
vignette,vignette strength,0.25,Ours (refined),1392,1377,0.9892241379310345,0.9840232389251997,0.10335220314034085,0.21057333205121495,0.767364009245422
vignette,vignette strength,0.0,Deep ChArUco,1410,1133,0.8035460992907801,0.8587819947043248,1.6120497791801307,1.6042340589116029,2.6518978823451067
vignette,vignette strength,0.05,Deep ChArUco,1407,1244,0.8841506751954513,0.8810289389067524,1.6215974762256418,1.5917828938424619,2.6112545968129024
vignette,vignette strength,0.12,Deep ChArUco,1380,1207,0.8746376811594203,0.8649544324772163,1.621605149768507,1.5945297807756715,2.5662801522712795
vignette,vignette strength,0.2,Deep ChArUco,1354,1206,0.8906942392909897,0.8830845771144279,1.6121725056490153,1.5716393693104407,2.536004331183807
vignette,vignette strength,0.25,Deep ChArUco,1392,1199,0.8613505747126436,0.8623853211009175,1.6496908917435866,1.5961845620064112,2.5078268746079804
vignette,vignette strength,0.0,Classical,1410,511,0.3624113475177305,1.0,0.7183329365504889,0.7281897133668858,1.0035785807509965
vignette,vignette strength,0.05,Classical,1407,569,0.40440653873489696,1.0,0.7098970923475451,0.7366892644063685,1.0828889695883213
vignette,vignette strength,0.12,Classical,1380,507,0.3673913043478261,1.0,0.7140329249741887,0.7235710325987029,1.0245113897478517
vignette,vignette strength,0.2,Classical,1354,463,0.3419497784342688,1.0,0.7013357549150792,0.7339316881988923,1.0996133787948534
vignette,vignette strength,0.25,Classical,1392,517,0.3714080459770115,1.0,0.7212218255813249,0.7336807717896862,1.0205516297683201
