arm,factor,unit,value,n_gt,n_match,recall,id_acc,err_median,err_p95
reference,distance,board square s (px),12,1552,1547,0.9967783505154639,0.9618616677440207,0.42947178271566944,0.8177833327743103
reference,distance,board square s (px),16,1534,1527,0.9954367666232073,0.9397511460379829,0.4287162900904037,0.9260343944166699
reference,distance,board square s (px),24,1541,1536,0.9967553536664504,0.9772135416666666,0.41451674800579985,0.8100930548019626
reference,distance,board square s (px),32,1481,1413,0.9540850776502363,0.9759377211606511,0.43028663858865857,1.012374494944783
reference,distance,board square s (px),48,1400,1366,0.9757142857142858,0.9992679355783309,0.4228078263835682,0.7767116179502003
reference,distance,board square s (px),64,1292,1263,0.9775541795665634,0.9992082343626286,0.4248848182404145,0.7412750315811097
reference,distance,board square s (px),96,1135,1099,0.9682819383259912,0.997270245677889,0.4152156375685118,0.7430873519961823
reference,distance,board square s (px),128,920,880,0.9565217391304348,0.9920454545454546,0.4034628311402325,0.7639866642710673
reference,distance_extrap,"board square s (px), TRAINED 12-128",6,1537,9,0.005855562784645413,0.0,0.7323174090916952,1.3906549900192589
reference,distance_extrap,"board square s (px), TRAINED 12-128",8,1552,537,0.34600515463917525,0.14338919925512103,0.4512613407652499,1.3147052460320376
reference,distance_extrap,"board square s (px), TRAINED 12-128",10,1556,1498,0.9627249357326478,0.8097463284379173,0.45382080724608975,1.1300429465985515
reference,distance_extrap,"board square s (px), TRAINED 12-128",12,1535,1518,0.9889250814332248,0.8689064558629777,0.4419200178568703,1.0371754750955688
reference,distance_extrap,"board square s (px), TRAINED 12-128",16,1567,1551,0.9897894065092534,0.9516441005802708,0.42245814688615624,0.8159660778286062
reference,distance_extrap,"board square s (px), TRAINED 12-128",64,1292,1263,0.9775541795665634,0.9992082343626286,0.4248848182404145,0.7412750315811097
reference,distance_extrap,"board square s (px), TRAINED 12-128",128,959,921,0.9603753910323254,0.993485342019544,0.416866097104911,0.7208428015021408
reference,distance_extrap,"board square s (px), TRAINED 12-128",160,776,744,0.9587628865979382,0.8293010752688172,0.4324848910019204,0.816730299291819
reference,distance_extrap,"board square s (px), TRAINED 12-128",192,697,681,0.9770444763271162,0.33627019089574156,0.413889521326908,0.7459232425489176
reference,distance_extrap,"board square s (px), TRAINED 12-128",256,438,406,0.9269406392694064,0.012315270935960592,0.41566148291649757,0.9292407486822035
reference,object_occlusion,"real object occluders (n, SAM2 bank)",0,1404,1362,0.9700854700854701,0.9977973568281938,0.42055540282508264,0.7723324336806465
reference,object_occlusion,"real object occluders (n, SAM2 bank)",1,1378,1355,0.9833091436865021,0.9881918819188192,0.41636907724953526,0.7496052563408567
reference,object_occlusion,"real object occluders (n, SAM2 bank)",2,1407,1377,0.9786780383795309,0.9687726942628904,0.42857391863050714,0.819503272029175
reference,object_occlusion,"real object occluders (n, SAM2 bank)",3,1331,1315,0.9879789631855748,0.9688212927756654,0.41752840024207794,0.813548058242795
reference,object_occlusion,"real object occluders (n, SAM2 bank)",4,1288,1277,0.9914596273291926,0.9812059514487079,0.4252775190158986,0.8402589585041236
reference,occlusion,rectangular occluders (n),0,1398,1371,0.98068669527897,0.9992706053975201,0.4192112998180766,0.8000351645824992
reference,occlusion,rectangular occluders (n),2,1378,1340,0.9724238026124818,0.9664179104477612,0.4165999993281372,0.84381112032143
reference,occlusion,rectangular occluders (n),4,1403,1347,0.9600855310049893,0.9851521900519673,0.42032551273848134,0.79319227035367
reference,occlusion,rectangular occluders (n),6,1343,1305,0.9717051377513031,0.9731800766283525,0.4160504171299545,0.7975574891106689
reference,occlusion,rectangular occluders (n),8,1285,1282,0.9976653696498055,0.9945397815912637,0.42197379806562957,0.7572588422667331
reference,occlusion,rectangular occluders (n),10,1286,1231,0.9572317262830482,0.9926888708367181,0.4213137669237936,0.7913113400332759
conv-only,distance,board square s (px),12,1552,1535,0.9890463917525774,0.9752442996742671,0.42947178271566944,0.8036932370718913
conv-only,distance,board square s (px),16,1534,1523,0.9928292046936115,0.9441891004596191,0.4299386874535415,1.020007453930594
conv-only,distance,board square s (px),24,1541,1516,0.9837767683322518,0.987467018469657,0.4148385882229677,0.8232088978009222
conv-only,distance,board square s (px),32,1481,1360,0.9182984469952734,0.9963235294117647,0.4190417846065625,0.7542531249239424
conv-only,distance,board square s (px),48,1400,1364,0.9742857142857143,0.999266862170088,0.42023859867076596,0.7881452311397997
conv-only,distance,board square s (px),64,1292,1261,0.9760061919504643,1.0,0.42716445521464425,0.7703700269252042
conv-only,distance,board square s (px),96,1135,1097,0.9665198237885463,0.9890610756608933,0.4176325459535895,0.7457936566809297
conv-only,distance,board square s (px),128,920,880,0.9565217391304348,0.9181818181818182,0.4024612032514851,0.7649469818724703
conv-only,distance_extrap,"board square s (px), TRAINED 12-128",6,1537,2,0.0013012361743656475,0.0,0.4610161117799597,0.775943579360737
conv-only,distance_extrap,"board square s (px), TRAINED 12-128",8,1552,528,0.3402061855670103,0.07196969696969698,0.4399132315435084,1.057523716261713
conv-only,distance_extrap,"board square s (px), TRAINED 12-128",10,1556,1458,0.9370179948586118,0.8031550068587106,0.45337111481175474,1.0696402046957905
conv-only,distance_extrap,"board square s (px), TRAINED 12-128",12,1535,1506,0.9811074918566776,0.8818061088977424,0.44822435515946946,1.136163961551659
conv-only,distance_extrap,"board square s (px), TRAINED 12-128",16,1567,1551,0.9897894065092534,0.9516441005802708,0.42032316892086974,0.8064500182693302
conv-only,distance_extrap,"board square s (px), TRAINED 12-128",64,1292,1261,0.9760061919504643,1.0,0.42716445521464425,0.7703700269252042
conv-only,distance_extrap,"board square s (px), TRAINED 12-128",128,959,921,0.9603753910323254,0.9674267100977199,0.41861353618875147,0.7357311275237414
conv-only,distance_extrap,"board square s (px), TRAINED 12-128",160,776,740,0.9536082474226805,0.522972972972973,0.43161337140710954,0.7913006194837676
conv-only,distance_extrap,"board square s (px), TRAINED 12-128",192,697,680,0.975609756097561,0.2,0.41806557821391793,0.7477763378602277
conv-only,distance_extrap,"board square s (px), TRAINED 12-128",256,438,417,0.952054794520548,0.026378896882494004,0.41997488277331757,0.90238643536107
conv-only,object_occlusion,"real object occluders (n, SAM2 bank)",0,1404,1358,0.9672364672364673,0.9992636229749632,0.4191788871288782,0.7767317402514288
conv-only,object_occlusion,"real object occluders (n, SAM2 bank)",1,1378,1355,0.9833091436865021,1.0,0.413002594875326,0.7659508186095393
conv-only,object_occlusion,"real object occluders (n, SAM2 bank)",2,1407,1373,0.9758351101634684,0.9592134013109979,0.4298913129652698,0.8090173065387664
conv-only,object_occlusion,"real object occluders (n, SAM2 bank)",3,1331,1303,0.9789631855747558,0.9739063699155794,0.4160504171299545,0.7935821615716764
conv-only,object_occlusion,"real object occluders (n, SAM2 bank)",4,1288,1274,0.9891304347826086,0.978021978021978,0.42268429915042294,0.7983693686298313
conv-only,occlusion,rectangular occluders (n),0,1398,1368,0.9785407725321889,0.9904970760233918,0.4147990045325282,0.791297223919751
conv-only,occlusion,rectangular occluders (n),2,1378,1333,0.967343976777939,0.9632408102025506,0.42224823949786244,0.8825310512468102
conv-only,occlusion,rectangular occluders (n),4,1403,1346,0.9593727726300784,0.9799405646359584,0.42519659656843184,0.8150517517977748
conv-only,occlusion,rectangular occluders (n),6,1343,1303,0.9702159344750558,0.967766692248657,0.41885061426182296,0.7737483792478188
conv-only,occlusion,rectangular occluders (n),8,1285,1280,0.9961089494163424,0.9828125,0.42652596879730675,0.7790259395681982
conv-only,occlusion,rectangular occluders (n),10,1286,1228,0.9548989113530326,0.9763843648208469,0.42440387928587936,0.7960415699747634
